SignType,Message,FullMessage
IA.1,3D DIALYSIS,3D DIALYSIS
IA.1,ACCOUNTING,ACCOUNTING
IA.1,ACUTE DIALYSIS,ACUTE DIALYSIS
IA.1,ADMIN,ADMINISTRATION
IA.1,ADMIN CORRIDOR,ADMINISTRATION CORRIDOR
IA.1,ADMINISTRATION,ADMINISTRATION
IA.1,ADMINISTRATIVE DIRECTOR OF PERIOPERATIVE AND CARDIOVASCULAR SERVICES,ADMINISTRATIVE DIRECTOR OF PERIOPERATIVE AND CARDIOVASCULAR SERVICES
IA.1,ADMIT OFFICE,ADMITTING OFFICE
IA.1,ADMITTING,ADMITTING
IA.1,ADMITTING 1,ADMITTING 1
IA.1,ADMITTING 2,ADMITTING 2
IA.1,ADMITTING 3,ADMITTING 3
IA.1,ADMITTING WORK ROOM,ADMITTING WORK ROOM
IA.1,ANES WORK ROOM,ANESTHESIA WORK ROOM
IA.1,ANESTHESIA WORK ROOM,ANESTHESIA WORK ROOM
IA.1,ANESTHESIOLOGISTS,ANESTHESIOLOGISTS
IA.1,ANTE,ANTE ROOM
IA.1,ANTE ROOM,ANTE ROOM
IA.1,APHERESIS INFUSION 1,APHERESIS INFUSION 1
IA.1,APHERESIS INFUSION 10,APHERESIS INFUSION 10
IA.1,APHERESIS INFUSION 11,APHERESIS INFUSION 11
IA.1,APHERESIS INFUSION 12,APHERESIS INFUSION 12
IA.1,APHERESIS INFUSION 2,APHERESIS INFUSION 2
IA.1,APHERESIS INFUSION 3,APHERESIS INFUSION 3
IA.1,APHERESIS INFUSION 4,APHERESIS INFUSION 4
IA.1,APHERESIS INFUSION 5,APHERESIS INFUSION 5
IA.1,APHERESIS INFUSION 6,APHERESIS INFUSION 6
IA.1,APHERESIS INFUSION 7,APHERESIS INFUSION 7
IA.1,APHERESIS INFUSION 8,APHERESIS INFUSION 8
IA.1,APHERESIS INFUSION 9,APHERESIS INFUSION 9
IA.1,APHERESIS TREATMENT,APHERESIS TREATMENT
IA.1,APO,APO
IA.1,ASSISTANT CHIEF NURSING OFFICER,ASSISTANT CHIEF NURSING OFFICER
IA.1,"ASSISTANT CHIEF NURSING OFFICER, ASSISTANT CHIEF OPERATING OFFICER, VP OF NURSING INITIATIVES & REGULATORY COMPLIANCE","ASSISTANT CHIEF NURSING OFFICER, ASSISTANT CHIEF OPERATING OFFICER, VP OF NURSING INITIATIVES & REGULATORY COMPLIANCE"
IA.1,ASSISTANT CHIEF OPERATING OFFICER,ASSISTANT CHIEF OPERATING OFFICER
IA.1,AUDITORIUM,AUDITORIUM
IA.1,AUTHORIZED PERSONNEL ONLY,AUTHORIZED PERSONNEL ONLY
IA.1,BIO MED,BIO MED
IA.1,BIRTH REGISTRY,BIRTH REGISTRY
IA.1,BLOOD GAS,BLOOD GAS
IA.1,BLOOD GAS LAB,BLOOD GAS LAB
IA.1,BOARD ROOM,BOARD ROOM
IA.1,BODY HOLD,BODY HOLD
IA.1,BOILER / WATER SERVICES,BOILER / WATER SERVICES
IA.1,BREAK,BREAK ROOM
IA.1,BREAK RM,BREAK ROOM
IA.1,BREAK ROOM,BREAK ROOM
IA.1,BREAKDOWN,BREAKDOWN
IA.1,BREASTFEEDING ROOM,BREASTFEEDING ROOM
IA.1,CARDIAC REHAB,CARDIAC REHAB
IA.1,CARDIOPULMONARY SERVICES,CARDIOPULMONARY SERVICES
IA.1,CARDIOPULONARY REHAB,CARDIOPULONARY REHAB
IA.1,CASE MANAGEMENT,CASE MANAGEMENT
IA.1,CASE MGMT,CASE MANAGEMENT
IA.1,CASH,CASH
IA.1,CAT SCAN,CAT SCAN
IA.1,CAT SCAN 1,CAT SCAN 1
IA.1,CAT SCAN 2,CAT SCAN 2
IA.1,CAT SCAN AUTHORIZED PERSONNEL ONLY,CAT SCAN AUTHORIZED PERSONNEL ONLY
IA.1,CAT SCAN CONTROL,CAT SCAN CONTROL
IA.1,CAT SCAN HOLDING,CAT SCAN HOLDING
IA.1,CATH EQ,CATH EQ
IA.1,CATH LAB,CATH LAB
IA.1,CATH LAB 1,CATH LAB
IA.1,CATH LAB 2,CATH LAB 2
IA.1,CATH LAB 3 & 4 CONTROL ROOM,CATH LAB 3 & 4 CONTROL ROOM
IA.1,CATH LAB 5 CONTROL ROOM,CATH LABORATORY 5 CONTROL ROOM
IA.1,CATH LAB DICATION,CATH LAB DICATION
IA.1,CATH LAB PHYSICIAN LOUNGE,CATH LAB PHYSICIAN LOUNGE
IA.1,CATH LAB SHARED SERVICES 1,CATH LAB SHARED SERVICES 1
IA.1,CCU CRITICAL CARE UNIT,CCU CRITICAL CARE UNIT
IA.1,CCU WAITING,CCU WAITING
IA.1,CELLULAR THERAPY LAB,CELLULAR THERAPY LABORATORY
IA.1,CENTRAL PLANT,CENTRAL PLANT
IA.1,CENTRAL STERILE OFFICE,CENTRAL STERILE OFFICE
IA.1,CENTRAL STERILE PROCESSING DEPARTMENT,CENTRAL STERILE PROCESSING DEPARTMENT
IA.1,CENTRAL STERILE PROCESSING MANAGER,CENTRAL STERILE PROCESSING MANAGER
IA.1,CEO OFFICE,CEO OFFICE
IA.1,CFO OFFICE,CFO OFFICE
IA.1,CHAPEL,CHAPEL
IA.1,CHAPEL OFFICE,CHAPEL OFFICE
IA.1,CHAPEL STORAGE,CHAPEL STORAGE
IA.1,CHAPLAIN,CHAPLAIN
IA.1,CHARGE NURSE,CHARGE NURSE
IA.1,CHIEF EXECUTIVE OFFICER,CHIEF EXECUTIVE OFFICER
IA.1,CHIEF FINANCIAL OFFICER,CHIEF FINANCIAL OFFICER
IA.1,CHIEF MEDICAL OFFICER,CHIEF MEDICAL OFFICER
IA.1,CHIEF NURSING OFFICER,CHIEF NURSING OFFICER
IA.1,CHIEF OPERATING OFFICER,CHIEF OPERATING OFFICER
IA.1,CHIEF QUALITY OFFICER,CHIEF QUALITY OFFICER
IA.1,CHILLER ROOM,CHILLER ROOM
IA.1,CLASSOOM,CLASSOOM
IA.1,CLASSROOM,CLASSROOM
IA.1,CLASSROOM / LAB / PHARMACY CORRIDOR,CLASSROOM / LAB / PHARMACY CORRIDOR
IA.1,CLASSROOM 4,CLASSROOM 4
IA.1,CLEAN AREA,CLEAN AREA
IA.1,CLEAN HOLD,CLEAN HOLD
IA.1,CLEAN LINEN,CLEAN LINEN
IA.1,CLEAN LINEN HOLDING,CLEAN LINEN HOLDING
IA.1,CLEAN PROCESSING,CLEAN PROCESSING
IA.1,CLEAN STORAGE,CLEAN STORAGE
IA.1,CLEAN STORAGE / POU,CLEAN STORAGE / POU
IA.1,CLEAN SUPPLY,CLEAN SUPPLY
IA.1,CLEAN SUPPLY ROOM,CLEAN SUPPLY ROOM
IA.1,CLEAN UTIL,CLEAN UTILITY
IA.1,CLEAN UTILITY,CLEAN UTILITY
IA.1,CLEAN UTILITY SHARED SERVICES,CLEAN UTILITY SHARED SERVICES
IA.1,CLEAN WORK/LINEN,CLEAN WORK/LINEN
IA.1,CLEAN WORKROOM,CLEAN WORKROOM
IA.1,CLERK,CLERK
IA.1,CNO OFFICE,CNO OFFICE
IA.1,COFFEE,COFFEE
IA.1,COMM,COMMUNICATIONS
IA.1,COMM ROOM,COMMUNICATIONS ROOM
IA.1,COMMUNICATION,COMMUNICATION
IA.1,COMMUNICATIONS,COMMUNICATIONS
IA.1,COMPUTER TRAINING ROOM,COMPUTER TRAINING ROOM
IA.1,CONFERENCE,CONFERENCE
IA.1,CONFERENCE ROOM,CONFERENCE ROOM
IA.1,CONFERNCE,CONFERNCE
IA.1,CONSULT,CONSULTATION
IA.1,CONSULT ADMIT,CONSULTATION ADMITTING
IA.1,CONSULTATION,CONSULTATION
IA.1,CONSULTATION/OFFICE,CONSULTATION/OFFICE
IA.1,CONTROL,CONTROL
IA.1,CONTROL ROOM,CONTROL ROOM
IA.1,CONTROL STATION,CONTROL STATION
IA.1,COO OFFICE,COO OFFICE
IA.1,COOKS STORAGE,COOKS STORAGE
IA.1,COPY ROOM,COPY ROOM
IA.1,CRASH CART,CRASH CART
IA.1,CT,CT
IA.1,CT CONTROL,CT CONTROL
IA.1,CV STORE ROOM,CV STORE ROOM
IA.1,CYSTO,CYSTO
IA.1,DATA,DATA
IA.1,DAY ROOM,DAY ROOM
IA.1,DAY SURGERY,DAY SURGERY
IA.1,DECON SHOWER,DECON SHOWER
IA.1,DICTATION,DICTATION
IA.1,DIET CLERK OFFICE,DIET CLERK OFFICE
IA.1,DIETARTY RECEIVING,DIETARTY RECEIVING
IA.1,DIETARY,DIETARY
IA.1,DIETARY HOUSEKEEPING,DIETARY HOUSEKEEPING
IA.1,DIETARY STORAGE,DIETARY STORAGE
IA.1,DIETICIAN OFFICE,DIETICIAN OFFICE
IA.1,DIETITIAN,DIETITIAN
IA.1,DINING,DINING
IA.1,DINING/ACTIVITY ROOM,DINING/ACTIVITY ROOM
IA.1,DIRECTOR,DIRECTOR
IA.1,DIRECTOR MAGNET PROGRAM,DIRECTOR MAGNET PROGRAM
IA.1,DIRECTOR OF FACILITIES MANAGEMENT,DIRECTOR OF FACILITIES MANAGEMENT
IA.1,DIRECTOR OF MEDICAL RECORDS,DIRECTOR OF MEDICAL RECORDS
IA.1,DIRECTOR OF RADIOLOGY,DIRECTOR OF RADIOLOGY
IA.1,DIRECTOR OFFICE,DIRECTOR OFFICE
IA.1,DIRECTOR REHAB NURSING,DIRECTOR REHAB NURSING
IA.1,DIRECTOR SUPPLY CHAIN,DIRECTOR SUPPLY CHAIN
IA.1,DOCTOR'S DICTATION,DOCTOR'S DICTATION
IA.1,DRESSING ROOM,DRESSING ROOM
IA.1,DRY STORAGE,DRY STORAGE
IA.1,E P LAB,E P LABORATORY
IA.1,EC,EC
IA.1,ECHO,ECHO
IA.1,ECHO 2,ECHO 2
IA.1,ECHO/VASCULAR,ECHO/VASCULAR
IA.1,ED WAITING,ED WAITING
IA.1,EDU STORAGE,EDU STORAGE
IA.1,EEG,EEG
IA.1,EKG,EKG
IA.1,EKG/BLOOD DRAW,EKG/BLOOD DRAW
IA.1,ELEC,ELECTRICAL
IA.1,ELECTRICAL,ELECTRICAL
IA.1,ELECTRICAL ROOM,ELECTRICAL ROOM
IA.1,ELECTRICAL SWITCH ROOM,ELECTRICAL SWITCH ROOM
IA.1,ELECTRICAL/TELEPHONE,ELECTRICAL/TELEPHONE
IA.1,ELEV,ELEVATOR
IA.1,ELEV LOBBY,ELEVATOR LOBBY
IA.1,ELEVATOR LOBBY,ELEVATOR LOBBY
IA.1,ELEVATOR MACHINE ROOM,ELEVATOR MACHINE ROOM
IA.1,EMERGENCY,EMERGENCY
IA.1,EMERGENCY EXIT PLEASE KEEP DOOR CLOSED,EMERGENCY EXIT PLEASE KEEP DOOR CLOSED
IA.1,EMERGENCY SERVICES,EMERGENCY SERVICES
IA.1,EMS LOUNGE,EMS LOUNGE
IA.1,ENDO STORAGE,ENDO STORAGE
IA.1,ENDOSCOPY,ENDOSCOPY
IA.1,ENGINEERING,ENGINEERING
IA.1,ENGINEERING STORAGE,ENGINEERING STORAGE
IA.1,ENVIR SERV,ENVIROMENTAL SERVICES
IA.1,ENVIROMENTAL SERVICES STORAGE,ENVIROMENTAL SERVICES STORAGE
IA.1,ENVIRONMENTAL SERVICES,ENVIRONMENTAL SERVICES
IA.1,EQ STG,EQUIPMENT STORAGE
IA.1,EQUIP STORAGE,EQUIPMENT STORAGE
IA.1,EQUIPMENT,EQUIPMENT
IA.1,EQUIPMENT HOLDING,EQUIPMENT HOLDING
IA.1,EQUIPMENT ROOM,EQUIPMENT ROOM
IA.1,EQUIPMENT STORAGE,EQUIPMENT STORAGE
IA.1,EVS,EVS
IA.1,EXAM,EXAM
IA.1,EXAM 5 ANTE ROOM,EXAM 5 ANTE ROOM
IA.1,EXAM ROOM,EXAM ROOM
IA.1,EXECUTIVE BOARD ROOM,EXECUTIVE BOARD ROOM
IA.1,EXISTING,EXISTING
IA.1,EXIT,EXIT
IA.1,EXIT ONLY,EXIT ONLY
IA.1,EXIT TO CORRIDOR,EXIT TO CORRIDOR
IA.1,EXIT TO LOBBY,EXIT TO LOBBY
IA.1,EXIT TO NON-STERILE AREA,EXIT TO NON-STERILE AREA
IA.1,EXIT TO STAIRWELL,EXIT TO STAIRWELL
IA.1,EXIT TO STERILE CORE,EXIT TO STERILE CORE
IA.1,EXIT TO WAITING ROOM,EXIT TO WAITING ROOM
IA.1,FAMILY CONFERENCE ROOM,FAMILY CONFERENCE ROOM
IA.1,FAMILY CONSULTATION,FAMILY CONSULTATION
IA.1,FAMILY CONSULTATION ROOM,FAMILY CONSULTATION ROOM
IA.1,FAMILY RESOURCE CENTER,FAMILY RESOURCE CENTER
IA.1,FAMILY SUITE,FAMILY SUITE
IA.1,FAMILY WAITING ROOM,FAMILY WAITING ROOM
IA.1,FEMALE LOCKER ROOM,FEMALE LOCKER ROOM
IA.1,FILE ROOM,FILE ROOM
IA.1,FINANCIAL COUNSEL OFFICE,FINANCIAL COUNSEL OFFICE
IA.1,FINANCIAL COUNSELOR,FINANCIAL COUNSELOR
IA.1,FIRE CONTROL,FIRE CONTROL
IA.1,FIRE PUMP ROOM,FIRE PUMP ROOM
IA.1,FIRST RESPONDER LOUNGE,FIRST RESPONDER LOUNGE
IA.1,FOOD & NUTRITION,FOOD & NUTRITION
IA.1,FROZEN SECT LAB / GROSS,FROZEN SECT LABORATORY / GROSS
IA.1,GENERATOR ROOM,GENERATOR ROOM
IA.1,GI LAB,GI LABORATORY
IA.1,GIFT SHOP,GIFT SHOP
IA.1,GIFT SHOP STORAGE,GIFT SHOP STORAGE
IA.1,GROUP THERAPY,GROUP THERAPY
IA.1,GYM,GYM
IA.1,HAZARDOUS WASTE STORAGE,HAZARDOUS WASTE STORAGE
IA.1,HOUSE SUPERVISOR,HOUSE SUPERVISOR
IA.1,HOUSEKEEPING,HOUSEKEEPING
IA.1,HOUSEKEEPING EQUIP / SUPPLIES,HOUSEKEEPING EQUIP / SUPPLIES
IA.1,HOUSEKEEPING OFFICE,HOUSEKEEPING OFFICE
IA.1,HOUSEKEEPING ROOM,HOUSEKEEPING ROOM
IA.1,HR COORDINATOR,HUMAN RESOURCES COORDINATOR
IA.1,HR OFFICE,HR OFFICE
IA.1,HUMAN RESOURCES,HUMAN RESOURCES
IA.1,HUMAN RESOURCES BUSINESS PARTNER,HUMAN RESOURCES BUSINESS PARTNER
IA.1,HYDO THERAPY ROOM,HYDO THERAPY ROOM
IA.1,HYPERBARIC MEDICINE,HYPERBARIC MEDICINE
IA.1,IMAGING,IMAGING
IA.1,IMAGING CORRIDOR,IMAGING CORRIDOR
IA.1,IMAGING SERVICES REGISTRATION,IMAGING SERVICES REGISTRATION
IA.1,IMAGING/SURGERY WAITING,IMAGING/SURGERY WAITING
IA.1,IMPLANT ROOM,IMPLANT ROOM
IA.1,INFORMATION SYSTEMS,INFORMATION SYSTEMS
IA.1,INTERVENTIONAL RADIOLOGY 2,INTERVENTIONAL RADIOLOGY 2
IA.1,INTERVENTIONAL RADIOLOGY CONTROL ROOM,INTERVENTIONAL RADIOLOGY CONTROL ROOM
IA.1,INTERVIEW ROOM,INTERVIEW ROOM
IA.1,ISOLATION,ISOLATION
IA.1,ISOLATION ROOM,ISOLATION ROOM
IA.1,IT,IT
IA.1,IT STORAGE,IT STORAGE
IA.1,IT WORK,IT WORK
IA.1,JANITOR,JANITOR
IA.1,JANITORIAL CLOSET,JANITORIAL CLOSET
IA.1,JC,JANITORIAL CLOSET
IA.1,KITCHEN,KITCHEN
IA.1,LAB,LABORATORY
IA.1,LAB DIRECTOR,LABORATORY DIRECTOR
IA.1,LAB PROCESSING,LABORATORY PROCESSING
IA.1,LABORATORY,LABORATORY
IA.1,LACTATION ROOM,LACTATION ROOM
IA.1,LAUNDRY,LAUNDRY
IA.1,LINEN ROOM,LINEN ROOM
IA.1,LOADING DOCK,LOADING DOCK
IA.1,LOCKABLE STORAGE,LOCKABLE STORAGE
IA.1,MAIL ROOM,MAIL ROOM
IA.1,MAINT/REC,MAINT/REC
IA.1,MAINTENANCE OFFICE,MAINTENANCE OFFICE
IA.1,MALE DOCTORS' LOCKERS,MALE DOCTORS' LOCKERS
IA.1,MALE LOCKER ROOM,MALE LOCKER ROOM
IA.1,MAMMOGRAPHY DEPARTMENT,MAMMOGRAPHY DEPARTMENT
IA.1,MANAGER,MANAGER
IA.1,MANAGER OF FACILITIES MANAGEMENT,MANAGER OF FACILITIES MANAGEMENT
IA.1,MANAGER OFFICE,MANAGER OFFICE
IA.1,MANUAL WIPEDOWN,MANUAL WIPEDOWN
IA.1,MATERIALS MANAGEMENT,MATERIALS MANAGEMENT
IA.1,MDF IT COMP,MDF IT COMP
IA.1,MECH,MECHANICAL ROOM
IA.1,MECH RM,MECHANICAL ROOM
IA.1,MECHANICAL,MECHANICAL
IA.1,MECHANICAL ROOM,MECHANICAL ROOM
IA.1,MECHANICAL ROOM 12,MECHANICAL ROOM 12
IA.1,MECHANICAL ROOM 13,MECHANICAL ROOM 13
IA.1,MECHANICAL ROOM 4,MECHANICAL ROOM 4
IA.1,MECHANICAL ROOM AUTHORIZED PERSONNEL ONLY,MECHANICAL ROOM AUTHORIZED PERSONNEL ONLY
IA.1,MED PREP,MED PREP
IA.1,MED RM,MED ROOM
IA.1,MED VAC,MED VAC
IA.1,MEDICAL IMAGING FILE ROOM,MEDICAL IMAGING FILE ROOM
IA.1,MEDICAL RECORDS,MEDICAL RECORDS
IA.1,MEDICAL STAFF SERVICES,MEDICAL STAFF SERVICES
IA.1,MEDICATION,MEDICATION
IA.1,MEDICATION ROOM,MEDICATION ROOM
IA.1,MEDICATIONS,MEDICATIONS
IA.1,MEDS,MEDS
IA.1,MEETING ROOM,MEETING ROOM
IA.1,MEETING ROOM A,MEETING ROOM A
IA.1,MEETING ROOM B,MEETING ROOM B
IA.1,MEHCANICAL ROOM,MEHCANICAL ROOM
IA.1,MEN SURGERY STAFF,MEN SURGERY STAFF
IA.1,MENS LOCKER,MENS LOCKER
IA.1,MESSAGE TBD,MESSAGE TBD
IA.1,MGR OFFICE,MANAGER OFFICE
IA.1,MICROBIOLOGY,MICROBIOLOGY
IA.1,MRI,MRI
IA.1,MRI / ULTRASOUND,MRI / ULTRASOUND
IA.1,MRI CTRL,MRI CTRL
IA.1,MRI EQ,MRI EQ
IA.1,MRI HOLD,MRI HOLD
IA.1,MULTIPURPOSE,MULTIPURPOSE
IA.1,NEONATOLOGIST OFFICE,NEONATOLOGIST OFFICE
IA.1,NEWBORN NURSERY,NEWBORN NURSERY
IA.1,NICU,NICU
IA.1,NICU AUTHORIZED PERSONNEL ONLY,NICU AUTHORIZED PERSONNEL ONLY
IA.1,NON-FOOD STORAGE,NON-FOOD STORAGE
IA.1,NONSTERILE HAZARDOUS COMPOUNDING ROOM,NONSTERILE HAZARDOUS COMPOUNDING ROOM
IA.1,NORMAL,NORMAL
IA.1,NOURISH,NOURISHMENT
IA.1,NOURISHMENT,NOURISHMENT
IA.1,NOURISHMENT ROOM,NOURISHMENT ROOM
IA.1,NUCLEAR MEDICINE,NUCLEAR MEDICINE
IA.1,NUCLEAR MEDICINE 1,NUCLEAR MEDICINE 1
IA.1,NUCLEAR MEDICINE 2,NUCLEAR MEDICINE 2
IA.1,NURSE NAVIGATION DEPARTMENT,NURSE NAVIGATION DEPARTMENT
IA.1,NURSERY & PATIENT SUITES,NURSERY & PATIENT SUITES
IA.1,OBSERVATION ROOM A,OBSERVATION ROOM A
IA.1,OBSERVATION ROOM B,OBSERVATION ROOM B
IA.1,OCCUPATIONAL THERAPY,OCCUPATIONAL THERAPY
IA.1,OFFICE,OFFICE
IA.1,OPERATOR OFFICE,OPERATOR OFFICE
IA.1,OR DIRECTOR,OR DIRECTOR
IA.1,OR MATERIALS MANAGEMENT OFFICE,OR MATERIALS MANAGEMENT OFFICE
IA.1,OR STORAGE 1,OR STORAGE 1
IA.1,ORTHO STORAGE,ORTHO STORAGE
IA.1,ORTHOPEDIC PROGRAM DIRECTOR,ORTHOPEDIC PROGRAM DIRECTOR
IA.1,P.A.T.,P.A.T.
IA.1,PACU,PACU
IA.1,PACU DIRECTOR,PACU DIRECTOR
IA.1,PACU ISOLATION,PACU ISOLATION
IA.1,PACU RECOVERY,PACU RECOVERY
IA.1,PACU RESTRICTED AREA,PACU RESTRICTED AREA
IA.1,PALLIATIVE CARE PROGRAM COORDINATOR,PALLIATIVE CARE PROGRAM COORDINATOR
IA.1,PATH OFFICE,PATH OFFICE
IA.1,PATHOLOGY,PATHOLOGY
IA.1,PATIENT ELEVATOR LOBBY,PATIENT ELEVATOR LOBBY
IA.1,PATIENT LOUNGE,PATIENT LOUNGE
IA.1,PFT,PFT
IA.1,PHARMACY,PHARMACY
IA.1,PHYSICAL & OCCUPATIONAL THERAPY,PHYSICAL & OCCUPATIONAL THERAPY
IA.1,PHYSICAL THERAPY 1,PHYSICAL THERAPY 1
IA.1,PHYSICAL THERAPY CHECK-IN,PHYSICAL THERAPY CHECK-IN
IA.1,PHYSICAL THERAPY TRACTION ROOM,PHYSICAL THERAPY TRACTION ROOM
IA.1,"PHYSICAL, CARDIAC AND PULMONARY REHAB","PHYSICAL, CARDIAC AND PULMONARY REHAB"
IA.1,PHYSICIAN WORK ROOM,PHYSICIAN WORK ROOM
IA.1,PHYSICIAN WORKROOM,PHYSICIAN WORKROOM
IA.1,PHYSICIANS LOUNGE,PHYSICIANS LOUNGE
IA.1,PHYSICIANS ONLY,PHYSICIANS ONLY
IA.1,PLANT OPERATIONS,PLANT OPERATIONS
IA.1,PLANT OPERATIONS SHOP,PLANT OPERATIONS SHOP
IA.1,PLANT OPS,PLANT OPS
IA.1,PLAY AREA,PLAY AREA
IA.1,PPS COORDINATOR,PPS COORDINATOR
IA.1,PRE-ADMISSION TESTING,PRE-ADMISSION TESTING
IA.1,PRE-OP,PRE-OP
IA.1,PRE-OP CORRIDOR,PRE-OP CORRIDOR
IA.1,PRE-OP HOLDING,PRE-OP HOLDING
IA.1,PROCESSOR ROOM,PROCESSOR ROOM
IA.1,PROGRAM DIRECTOR,PROGRAM DIRECTOR
IA.1,PROJECT MANAGER,PROJECT MANAGER
IA.1,PSYCHIATRIC ADMISSIONS OFFICE,PSYCHIATRIC ADMISSIONS OFFICE
IA.1,PT TRACTION,PT TRACTION
IA.1,PULMONARY FUNCTION TESTING,PULMONARY FUNCTION TESTING
IA.1,QUALITY DIRECTOR,QUALITY DIRECTOR
IA.1,QUALITY MANAGEMENT,QUALITY MANAGEMENT
IA.1,R/F,R/F
IA.1,RAD,RAD
IA.1,RAD 2,RAD 2
IA.1,RAD ROOM 1,RAD ROOM 1
IA.1,RAD ROOM 2,RAD ROOM 2
IA.1,RADIOLOGIST,RADIOLOGIST
IA.1,RADIOLOGIST READING,RADIOLOGIST READING
IA.1,RADIOLOGY,RADIOLOGY
IA.1,RADIOLOGY CONTROL ROOM,RADIOLOGY CONTROL ROOM
IA.1,RADIOLOGY WAITING,RADIOLOGY WAITING
IA.1,RCPS - PARALLON RING BELL FOR ASSISTANCE,RCPS - PARALLON RING BELL FOR ASSISTANCE
IA.1,READ,READ
IA.1,READING ROOM,READING ROOM
IA.1,RECEIVING,RECEIVING
IA.1,RECEPTION,RECEPTION
IA.1,RECEPTION COORDINATOR,RECEPTION COORDINATOR
IA.1,RECOVERY AREA,RECOVERY AREA
IA.1,RECOVERY ROOM,RECOVERY ROOM
IA.1,RECYCLE,RECYCLE
IA.1,REGISTRATION,REGISTRATION
IA.1,REGISTRATION 1,REGISTRATION 1
IA.1,REGISTRATION 2,REGISTRATION 2
IA.1,REGISTRATION 4,REGISTRATION 4
IA.1,REGISTRATION 5,REGISTRATION 5
IA.1,REHAB CARE CENTER,REHAB CARE CENTER
IA.1,REHAB GYM,REHAB GYM
IA.1,REHAB SERVICES,REHAB SERVICES
IA.1,RISK MANAGEMENT,RISK MANAGEMENT
IA.1,RO WATER,RO WATER
IA.1,ROBOTIC EDUCATION CLASSROOM,ROBOTIC EDUCATION CLASSROOM
IA.1,SCOPE CLEAN/STORAGE,SCOPE CLEAN/STORAGE
IA.1,SECURE STORAGE,SECURE STORAGE
IA.1,SECURITY,SECURITY
IA.1,SERENITY ROOM,SERENITY ROOM
IA.1,SERVICE COORDINATOR,SERVICE COORDINATOR
IA.1,SHARED SERVICES,SHARED SERVICES
IA.1,SHOWER ROOM,SHOWER ROOM
IA.1,SLEEP LAB 1,SLEEP LABORATORY 1
IA.1,SLEEP LAB 2,SLEEP LABORATORY 2
IA.1,SLEEP ROOM,SLEEP ROOM
IA.1,SOCIAL SERVICES,SOCIAL SERVICES
IA.1,SOCIAL WORKER,SOCIAL WORKER
IA.1,SPECIAL PROCEDURES ROOM,SPECIAL PROCEDURES ROOM
IA.1,SPECIAL TREATMENT ROOM 1,SPECIAL TREATMENT ROOM 1
IA.1,SPECIAL TREATMENT ROOM 2,SPECIAL TREATMENT ROOM 2
IA.1,SPEECH PATHOLOGIST,SPEECH PATHOLOGIST
IA.1,SPEECH THERAPY 1,SPEECH THERAPY 1
IA.1,SPEECH THERAPY 2,SPEECH THERAPY 2
IA.1,SPEECH THERAPY 3,SPEECH THERAPY 3
IA.1,STAFF BREAKROOM,STAFF BREAKROOM
IA.1,STAFF DEVELOPMENT,STAFF DEVELOPMENT
IA.1,STAFF ELEV LOBBY,STAFF ELEVATOR LOBBY
IA.1,STAFF LOUNGE,STAFF LOUNGE
IA.1,STAFF LOUNGE EMPLOYEES ONLY,STAFF LOUNGE EMPLOYEES ONLY
IA.1,STAFF ONLY,STAFF ONLY
IA.1,STAFF VENDING,STAFF VENDING
IA.1,STAFF WORK RM,STAFF WORK ROOM
IA.1,STAIRS EXIT ONLY NO RE-ENTRY,STAIRS EXIT ONLY NO RE-ENTRY
IA.1,STEM CELL LAB,STEM CELL LAB
IA.1,STERILE CORE,STERILE CORE
IA.1,STERILE STORAGE,STERILE STORAGE
IA.1,STERILIZED STORAGE,STERILIZED STORAGE
IA.1,STORAGE,STORAGE
IA.1,STORAGE / CLEEN WHEELCHAIR ROOM,STORAGE / CLEEN WHEELCHAIR ROOM
IA.1,STRESS,STRESS
IA.1,SU,SU
IA.1,SUB WAIT,SUB WAIT
IA.1,SUB WAITING,SUB WAITING
IA.1,SUB-STERILE AREA,SUB-STERILE AREA
IA.1,SUPPLIES,SUPPLIES
IA.1,SUPPLY ROOM,SUPPLY ROOM
IA.1,SUPPLY ROOM 2,SUPPLY ROOM 2
IA.1,SURGERY,SURGERY
IA.1,SURGERY CENTER LOBBY,SURGERY CENTER LOBBY
IA.1,SURGERY LOUNGE,SURGERY LOUNGE
IA.1,SURGERY WAITING ROOM,SURGERY WAITING ROOM
IA.1,SURGICAL SERVICES,SURGICAL SERVICES
IA.1,TBD,TBD
IA.1,TELEPHONE,TELEPHONE
IA.1,TELEPHONE EQUIPMENT ROOM,TELEPHONE EQUIPMENT ROOM
IA.1,THE FOUNDERS ROOM,THE FOUNDERS ROOM
IA.1,THERAPY ROOM,THERAPY ROOM
IA.1,TO MAIN ER & REGISTRATION,TO MAIN ER & REGISTRATION
IA.1,TRASH COLLECTION,TRASH COLLECTION
IA.1,TRASH HOLD,TRASH HOLD
IA.1,TRAUMA,TRAUMA
IA.1,TRAUMA SERVICES,TRAUMA SERVICES
IA.1,TRAY ASSEMBLY,TRAY ASSEMBLY
IA.1,TREATMENT ROOM,TREATMENT ROOM
IA.1,TRIAGE,TRIAGE
IA.1,TUB ROOM,TUB ROOM
IA.1,TUB/SHOWER ROOM,TUB/SHOWER ROOM
IA.1,ULTRASOUND,ULTRASOUND
IA.1,ULTRASOUND 3,ULTRASOUND 3
IA.1,UPS,UPS
IA.1,UPS ROOM,UPS ROOM
IA.1,UTILITY,UTILITY
IA.1,UTILITY ROOM,UTILITY ROOM
IA.1,VENDOR DROP-OFF,VENDOR DROP-OFF
IA.1,VESTIBULE,VESTIBULE
IA.1,VICE PRESIDENT HUMAN RESOURCES,VICE PRESIDENT HUMAN RESOURCES
IA.1,VISITOR ELEV LOBBY,VISITOR ELEV LOBBY
IA.1,VOLUNTEER WORK ROOM,VOLUNTEER WORK ROOM
IA.1,VP OF NURSING INITIATIVES & REGULATORY COMPLIANCE,VP OF NURSING INITIATIVES & REGULATORY COMPLIANCE
IA.1,VP OF QUALITY,VP OF QUALITY
IA.1,WAITING,WAITING
IA.1,WAITING ROOM,WAITING ROOM
IA.1,WALK-IN COOLER,WALK-IN COOLER
IA.1,WARE WASH,WARE WASH
IA.1,WAREHOUSE,WAREHOUSE
IA.1,WC STORAGE,WC STORAGE
IA.1,WOMEN LOCKER,WOMEN LOCKER
IA.1,WOMEN SURGERY STAFF,WOMEN SURGERY STAFF
IA.1,WOMENS LOCKER,WOMENS LOCKER
IA.1,WORK,WORK
IA.1,WORK AREA,WORK AREA
IA.1,WORK ROOM,WORK ROOM
IA.1,WORK ROOM 1,WORK ROOM 1
IA.2,ISOL PAT RM,ISOLATION PATIENT ROOM
IA.2,ACC PAT RM,ACC PATIENT ROOM
IA.2,ACC PAT RM 1,ACC PATIENT ROOM 1
IA.2,ACC PAT RM 10,ACC PATIENT ROOM 10
IA.2,ACC PAT RM 11,ACC PATIENT ROOM 11
IA.2,ACC PAT RM 12,ACC PATIENT ROOM 12
IA.2,ACC PAT RM 13,ACC PATIENT ROOM 13
IA.2,ACC PAT RM 14,ACC PATIENT ROOM 14
IA.2,ACC PAT RM 15,ACC PATIENT ROOM 15
IA.2,ACC PAT RM 16,ACC PATIENT ROOM 16
IA.2,ACC PAT RM 17,ACC PATIENT ROOM 17
IA.2,ACC PAT RM 18,ACC PATIENT ROOM 18
IA.2,ACC PAT RM 19,ACC PATIENT ROOM 19
IA.2,ACC PAT RM 2,ACC PATIENT ROOM 2
IA.2,ACC PAT RM 20,ACC PATIENT ROOM 20
IA.2,ACC PAT RM 21,ACC PATIENT ROOM 21
IA.2,ACC PAT RM 22,ACC PATIENT ROOM 22
IA.2,ACC PAT RM 23,ACC PATIENT ROOM 23
IA.2,ACC PAT RM 24,ACC PATIENT ROOM 24
IA.2,ACC PAT RM 25,ACC PATIENT ROOM 25
IA.2,ACC PAT RM 26,ACC PATIENT ROOM 26
IA.2,ACC PAT RM 27,ACC PATIENT ROOM 27
IA.2,ACC PAT RM 28,ACC PATIENT ROOM 28
IA.2,ACC PAT RM 29,ACC PATIENT ROOM 29
IA.2,ACC PAT RM 3,ACC PATIENT ROOM 3
IA.2,ACC PAT RM 30,ACC PATIENT ROOM 30
IA.2,ACC PAT RM 31,ACC PATIENT ROOM 31
IA.2,ACC PAT RM 32,ACC PATIENT ROOM 32
IA.2,ACC PAT RM 33,ACC PATIENT ROOM 33
IA.2,ACC PAT RM 34,ACC PATIENT ROOM 34
IA.2,ACC PAT RM 35,ACC PATIENT ROOM 35
IA.2,ACC PAT RM 36,ACC PATIENT ROOM 36
IA.2,ACC PAT RM 37,ACC PATIENT ROOM 37
IA.2,ACC PAT RM 38,ACC PATIENT ROOM 38
IA.2,ACC PAT RM 39,ACC PATIENT ROOM 39
IA.2,ACC PAT RM 4,ACC PATIENT ROOM 4
IA.2,ACC PAT RM 40,ACC PATIENT ROOM 40
IA.2,ACC PAT RM 41,ACC PATIENT ROOM 41
IA.2,ACC PAT RM 42,ACC PATIENT ROOM 42
IA.2,ACC PAT RM 43,ACC PATIENT ROOM 43
IA.2,ACC PAT RM 44,ACC PATIENT ROOM 44
IA.2,ACC PAT RM 45,ACC PATIENT ROOM 45
IA.2,ACC PAT RM 46,ACC PATIENT ROOM 46
IA.2,ACC PAT RM 47,ACC PATIENT ROOM 47
IA.2,ACC PAT RM 48,ACC PATIENT ROOM 48
IA.2,ACC PAT RM 49,ACC PATIENT ROOM 49
IA.2,ACC PAT RM 5,ACC PATIENT ROOM 5
IA.2,ACC PAT RM 50,ACC PATIENT ROOM 50
IA.2,ACC PAT RM 6,ACC PATIENT ROOM 6
IA.2,ACC PAT RM 7,ACC PATIENT ROOM 7
IA.2,ACC PAT RM 8,ACC PATIENT ROOM 8
IA.2,ACC PAT RM 9,ACC PATIENT ROOM 9
IA.2,CAT SCAN ROOM 1,CAT SCAN ROOM 1
IA.2,CAT SCAN ROOM 2,CAT SCAN ROOM 2
IA.2,CATH LAB 4,CATH LABORATORY 4
IA.2,CATH LAB 5,CATH LABORATORY 5
IA.2,CONSULT 4,CONSULT 4
IA.2,CONSULT 5,CONSULT 5
IA.2,CONSULTATION 1,CONSULTATION 1
IA.2,CONSULTATION 2,CONSULTATION 2
IA.2,CONSULTATION 3,CONSULTATION 3
IA.2,ENDO 1,ENDO 1
IA.2,ENDO 2,ENDO 2
IA.2,ENDO 3,ENDO 3
IA.2,ENDO 4,ENDO 4
IA.2,ENDO 5,ENDO 5
IA.2,ENDO 6,ENDO 6
IA.2,EP / CATH LAB 1,EP / CATH LABORATORY 1
IA.2,EP / CATH LAB 2,EP / CATH LABORATORY 2
IA.2,EXAM 1,EXAM 1
IA.2,EXAM 10,EXAM 10
IA.2,EXAM 11,EXAM 11
IA.2,EXAM 12,EXAM 12
IA.2,EXAM 13,EXAM 13
IA.2,EXAM 14,EXAM 14
IA.2,EXAM 16,EXAM 16
IA.2,EXAM 17,EXAM 17
IA.2,EXAM 18,EXAM 18
IA.2,EXAM 19,EXAM 19
IA.2,EXAM 2,EXAM 2
IA.2,EXAM 20,EXAM 20
IA.2,EXAM 21,EXAM 21
IA.2,EXAM 22,EXAM 22
IA.2,EXAM 23,EXAM 23
IA.2,EXAM 24,EXAM 24
IA.2,EXAM 25,EXAM 25
IA.2,EXAM 26,EXAM 26
IA.2,EXAM 27,EXAM 27
IA.2,EXAM 28,EXAM 28
IA.2,EXAM 29,EXAM 29
IA.2,EXAM 3,EXAM 3
IA.2,EXAM 30,EXAM 30
IA.2,EXAM 4,EXAM 4
IA.2,EXAM 5,EXAM 5
IA.2,EXAM 6,EXAM 6
IA.2,EXAM 7,EXAM 7
IA.2,EXAM 8,EXAM 8
IA.2,EXAM 9,EXAM 9
IA.2,EXAM ROOM 1,EXAM ROOM 1
IA.2,EXAM ROOM 10,EXAM ROOM 10
IA.2,EXAM ROOM 11,EXAM ROOM 11
IA.2,EXAM ROOM 12,EXAM ROOM 12
IA.2,EXAM ROOM 13,EXAM ROOM 13
IA.2,EXAM ROOM 14,EXAM ROOM 14
IA.2,EXAM ROOM 15,EXAM ROOM 15
IA.2,EXAM ROOM 16,EXAM ROOM 16
IA.2,EXAM ROOM 17,EXAM ROOM 17
IA.2,EXAM ROOM 18,EXAM ROOM 18
IA.2,EXAM ROOM 19,EXAM ROOM 19
IA.2,EXAM ROOM 2,EXAM ROOM 2
IA.2,EXAM ROOM 20,EXAM ROOM 20
IA.2,EXAM ROOM 21,EXAM ROOM 21
IA.2,EXAM ROOM 22,EXAM ROOM 22
IA.2,EXAM ROOM 23,EXAM ROOM 23
IA.2,EXAM ROOM 24,EXAM ROOM 24
IA.2,EXAM ROOM 25,EXAM ROOM 25
IA.2,EXAM ROOM 26,EXAM ROOM 26
IA.2,EXAM ROOM 3,EXAM ROOM 3
IA.2,EXAM ROOM 4,EXAM ROOM 4
IA.2,EXAM ROOM 5,EXAM ROOM 5
IA.2,EXAM ROOM 6,EXAM ROOM 6
IA.2,EXAM ROOM 7,EXAM ROOM 7
IA.2,EXAM ROOM 8,EXAM ROOM 8
IA.2,EXAM ROOM 9,EXAM ROOM 9
IA.2,GENERAL OR 1,GENERAL OR 1
IA.2,INFUSION,INFUSION
IA.2,INFUSION 1,INFUSION 1
IA.2,INFUSION 10,INFUSION 10
IA.2,INFUSION 11,INFUSION 11
IA.2,INFUSION 12,INFUSION 12
IA.2,INFUSION 13,INFUSION 13
IA.2,INFUSION 14,INFUSION 14
IA.2,INFUSION 15,INFUSION 15
IA.2,INFUSION 16,INFUSION 16
IA.2,INFUSION 17,INFUSION 17
IA.2,INFUSION 18,INFUSION 18
IA.2,INFUSION 19,INFUSION 19
IA.2,INFUSION 2,INFUSION 2
IA.2,INFUSION 20,INFUSION 20
IA.2,INFUSION 3,INFUSION 3
IA.2,INFUSION 4,INFUSION 4
IA.2,INFUSION 5,INFUSION 5
IA.2,INFUSION 6,INFUSION 6
IA.2,INFUSION 7,INFUSION 7
IA.2,INFUSION 8,INFUSION 8
IA.2,INFUSION 9,INFUSION 9
IA.2,IR 1,IR 1
IA.2,IR 2,IR 2
IA.2,ISO ACC PAT RM,ISO ACC PATIENT ROOM
IA.2,ISO ACC PAT RM 1,ISO ACC PATIENT ROOM 1
IA.2,ISO ACC PAT RM 10,ISO ACC PATIENT ROOM 10
IA.2,ISO ACC PAT RM 11,ISO ACC PATIENT ROOM 11
IA.2,ISO ACC PAT RM 12,ISO ACC PATIENT ROOM 12
IA.2,ISO ACC PAT RM 13,ISO ACC PATIENT ROOM 13
IA.2,ISO ACC PAT RM 14,ISO ACC PATIENT ROOM 14
IA.2,ISO ACC PAT RM 15,ISO ACC PATIENT ROOM 15
IA.2,ISO ACC PAT RM 16,ISO ACC PATIENT ROOM 16
IA.2,ISO ACC PAT RM 17,ISO ACC PATIENT ROOM 17
IA.2,ISO ACC PAT RM 18,ISO ACC PATIENT ROOM 18
IA.2,ISO ACC PAT RM 19,ISO ACC PATIENT ROOM 19
IA.2,ISO ACC PAT RM 2,ISO ACC PATIENT ROOM 2
IA.2,ISO ACC PAT RM 20,ISO ACC PATIENT ROOM 20
IA.2,ISO ACC PAT RM 21,ISO ACC PATIENT ROOM 21
IA.2,ISO ACC PAT RM 22,ISO ACC PATIENT ROOM 22
IA.2,ISO ACC PAT RM 23,ISO ACC PATIENT ROOM 23
IA.2,ISO ACC PAT RM 24,ISO ACC PATIENT ROOM 24
IA.2,ISO ACC PAT RM 25,ISO ACC PATIENT ROOM 25
IA.2,ISO ACC PAT RM 26,ISO ACC PATIENT ROOM 26
IA.2,ISO ACC PAT RM 27,ISO ACC PATIENT ROOM 27
IA.2,ISO ACC PAT RM 28,ISO ACC PATIENT ROOM 28
IA.2,ISO ACC PAT RM 29,ISO ACC PATIENT ROOM 29
IA.2,ISO ACC PAT RM 3,ISO ACC PATIENT ROOM 3
IA.2,ISO ACC PAT RM 30,ISO ACC PATIENT ROOM 30
IA.2,ISO ACC PAT RM 31,ISO ACC PATIENT ROOM 31
IA.2,ISO ACC PAT RM 32,ISO ACC PATIENT ROOM 32
IA.2,ISO ACC PAT RM 33,ISO ACC PATIENT ROOM 33
IA.2,ISO ACC PAT RM 34,ISO ACC PATIENT ROOM 34
IA.2,ISO ACC PAT RM 35,ISO ACC PATIENT ROOM 35
IA.2,ISO ACC PAT RM 36,ISO ACC PATIENT ROOM 36
IA.2,ISO ACC PAT RM 37,ISO ACC PATIENT ROOM 37
IA.2,ISO ACC PAT RM 38,ISO ACC PATIENT ROOM 38
IA.2,ISO ACC PAT RM 39,ISO ACC PATIENT ROOM 39
IA.2,ISO ACC PAT RM 4,ISO ACC PATIENT ROOM 4
IA.2,ISO ACC PAT RM 40,ISO ACC PATIENT ROOM 40
IA.2,ISO ACC PAT RM 41,ISO ACC PATIENT ROOM 41
IA.2,ISO ACC PAT RM 42,ISO ACC PATIENT ROOM 42
IA.2,ISO ACC PAT RM 43,ISO ACC PATIENT ROOM 43
IA.2,ISO ACC PAT RM 44,ISO ACC PATIENT ROOM 44
IA.2,ISO ACC PAT RM 45,ISO ACC PATIENT ROOM 45
IA.2,ISO ACC PAT RM 46,ISO ACC PATIENT ROOM 46
IA.2,ISO ACC PAT RM 47,ISO ACC PATIENT ROOM 47
IA.2,ISO ACC PAT RM 48,ISO ACC PATIENT ROOM 48
IA.2,ISO ACC PAT RM 49,ISO ACC PATIENT ROOM 49
IA.2,ISO ACC PAT RM 5,ISO ACC PATIENT ROOM 5
IA.2,ISO ACC PAT RM 50,ISO ACC PATIENT ROOM 50
IA.2,ISO ACC PAT RM 6,ISO ACC PATIENT ROOM 6
IA.2,ISO ACC PAT RM 7,ISO ACC PATIENT ROOM 7
IA.2,ISO ACC PAT RM 8,ISO ACC PATIENT ROOM 8
IA.2,ISO ACC PAT RM 9,ISO ACC PATIENT ROOM 9
IA.2,ISOLATION EXAM 3,ISOLATION EXAM 3
IA.2,L&D OR 1,L&D OR 1
IA.2,L&D OR 2,L&D OR 2
IA.2,LDR 1,LDR 1
IA.2,LDR 2,LDR 2
IA.2,LDR 3,LDR 3
IA.2,LDR 4,LDR 4
IA.2,LDR 5,LDR 5
IA.2,LDR 6,LDR 6
IA.2,LDR 7,LDR 7
IA.2,LDR 8,LDR 8
IA.2,NEURO OR 4,NEURO OR 4
IA.2,OB 1,OB 1
IA.2,OB 10,OB 10
IA.2,OB 11,OB 11
IA.2,OB 2,OB 2
IA.2,OB 3,OB 3
IA.2,OB 4,OB 4
IA.2,OB 5,OB 5
IA.2,OB 6,OB 6
IA.2,OB 7,OB 7
IA.2,OB 8,OB 8
IA.2,OB 9,OB 9
IA.2,OB OR 1,OB OR 1
IA.2,OB OR 2,OB OR 2
IA.2,OB TRIAGE 1,OB TRIAGE 1
IA.2,OB TRIAGE 2,OB TRIAGE 2
IA.2,OBS 1,OBS 1
IA.2,OBS 10,OBS 10
IA.2,OBS 11,OBS 11
IA.2,OBS 13,OBS 13
IA.2,OBS 14,OBS 14
IA.2,OBS 15,OBS 15
IA.2,OBS 16,OBS 16
IA.2,OBS 17,OBS 17
IA.2,OBS 2,OBS 2
IA.2,OBS 3,OBS 3
IA.2,OBS 4,OBS 4
IA.2,OBS 5,OBS 5
IA.2,OBS 6,OBS 6
IA.2,OBS 7,OBS 7
IA.2,OBS 8,OBS 8
IA.2,OBS 9,OBS 9
IA.2,OR 11,OR 11
IA.2,OR 12,OR 12
IA.2,OR 14,OR 14
IA.2,OR 15,OR 15
IA.2,OR 16,OR 16
IA.2,OR 17,OR 17
IA.2,OR 4,OR 4
IA.2,OR 5,OR 5
IA.2,OR 7,OR 7
IA.2,OR 8,OR 8
IA.2,ORTHO OR 3,ORTHO OR 3
IA.2,PACU 7,PACU 7
IA.2,PAT RM,PATIENT ROOM
IA.2,PAT RM 1,PATIENT ROOM 1
IA.2,PAT RM 10,PATIENT ROOM 10
IA.2,PAT RM 11,PATIENT ROOM 11
IA.2,PAT RM 12,PATIENT ROOM 12
IA.2,PAT RM 13,PATIENT ROOM 13
IA.2,PAT RM 14,PATIENT ROOM 14
IA.2,PAT RM 15,PATIENT ROOM 15
IA.2,PAT RM 16,PATIENT ROOM 16
IA.2,PAT RM 17,PATIENT ROOM 17
IA.2,PAT RM 18,PATIENT ROOM 18
IA.2,PAT RM 19,PATIENT ROOM 19
IA.2,PAT RM 2,PATIENT ROOM 2
IA.2,PAT RM 20,PATIENT ROOM 20
IA.2,PAT RM 21,PATIENT ROOM 21
IA.2,PAT RM 22,PATIENT ROOM 22
IA.2,PAT RM 23,PATIENT ROOM 23
IA.2,PAT RM 24,PATIENT ROOM 24
IA.2,PAT RM 25,PATIENT ROOM 25
IA.2,PAT RM 26,PATIENT ROOM 26
IA.2,PAT RM 27,PATIENT ROOM 27
IA.2,PAT RM 28,PATIENT ROOM 28
IA.2,PAT RM 29,PATIENT ROOM 29
IA.2,PAT RM 3,PATIENT ROOM 3
IA.2,PAT RM 30,PATIENT ROOM 30
IA.2,PAT RM 31,PATIENT ROOM 31
IA.2,PAT RM 32,PATIENT ROOM 32
IA.2,PAT RM 33,PATIENT ROOM 33
IA.2,PAT RM 34,PATIENT ROOM 34
IA.2,PAT RM 35,PATIENT ROOM 35
IA.2,PAT RM 36,PATIENT ROOM 36
IA.2,PAT RM 37,PATIENT ROOM 37
IA.2,PAT RM 38,PATIENT ROOM 38
IA.2,PAT RM 39,PATIENT ROOM 39
IA.2,PAT RM 4,PATIENT ROOM 4
IA.2,PAT RM 40,PATIENT ROOM 40
IA.2,PAT RM 41,PATIENT ROOM 41
IA.2,PAT RM 42,PATIENT ROOM 42
IA.2,PAT RM 43,PATIENT ROOM 43
IA.2,PAT RM 44,PATIENT ROOM 44
IA.2,PAT RM 45,PATIENT ROOM 45
IA.2,PAT RM 46,PATIENT ROOM 46
IA.2,PAT RM 47,PATIENT ROOM 47
IA.2,PAT RM 48,PATIENT ROOM 48
IA.2,PAT RM 49,PATIENT ROOM 49
IA.2,PAT RM 5,PATIENT ROOM 5
IA.2,PAT RM 50,PATIENT ROOM 50
IA.2,PAT RM 6,PATIENT ROOM 6
IA.2,PAT RM 7,PATIENT ROOM 7
IA.2,PAT RM 8,PATIENT ROOM 8
IA.2,PAT RM 9,PATIENT ROOM 9
IA.2,PRE-OP  10,PRE-OP 10
IA.2,PRE-OP 1,PRE-OP 1
IA.2,PRE-OP 2,PRE-OP 2
IA.2,PRE-OP 3,PRE-OP 3
IA.2,PRE-OP 4,PRE-OP 4
IA.2,PRE-OP 5,PRE-OP 5
IA.2,PRE-OP 6,PRE-OP 6
IA.2,PRE-OP 7,PRE-OP 7
IA.2,PRE-OP 8,PRE-OP 8
IA.2,PRE-OP 9,PRE-OP 9
IA.2,PROCEDURE ROOM 1,PROCEDURE ROOM 1
IA.2,ROBOTIC OR 2,ROBOTIC OR 2
IA.2,SHELL OR 5,SHELL OR 5
IA.2,ULTRASOUND 1,ULTRASOUND 1
IA.2,ULTRASOUND ROOM 1,ULTRASOUND ROOM 1
IA.2,ULTRASOUND ROOM 2,ULTRASOUND ROOM 2
IA.2,X-RAY ROOM 1,X-RAY ROOM 1
IA.2,X-RAY ROOM 2,X-RAY ROOM 2
IA.2,X-RAY ROOM 3,X-RAY ROOM 3
IA.3,DECONTAMINATION,DECONTAMINATION
IA.3,FLAMMABLE STORAGE,FLAMMABLE STORAGE
IA.3,SOILED LINEN CHUTE,SOILED LINEN CHUTE
IA.3,SOILED LINEN HOLDING,SOILED LINEN HOLDING
IA.3,SOILED UTIL,SOILED UTILITY
IA.3,SOILED UTILITY,SOILED UTILITY
IA.3,SOILED UTILITY/ DECONTAMINATION,SOILED UTILITY/ DECONTAMINATION
IA.3,SOILED WORK,SOILED WORKROOM
IA.3,SOILED WORKROOM,SOILED WORKROOM
IA.3,TDDTTY UNIT,TDD/TTY UNIT
IA.3,TTD/TTY UNIT IS AVAILABLE PLEASE ASK FOR STAFF ASSISTANCE,TTD/TTY UNIT IS AVAILABLE PLEASE ASK FOR STAFF ASSISTANCE
IA.6,OR 1,OR 1
IA.6,OR 2,OR 2
IA.6,OR 3,OR 3
IA.6,OR 6,OR 6
IA.F,ICOF,ICOF
IA.R,MEN,MEN
IA.R,MEN LOCKERS,MENS LOCKERS
IA.R,MEN RESTROOM/SHOWER,MEN RESTROOM/SHOWER
IA.R,MEN'S LOCKER,MENS LOCKERS
IA.R,MEN'S LOCKERS,MENS LOCKERS
IA.R,MEN'S TLT,MEN
IA.R,MENS LOCKERS,MENS LOCKERS
IA.R,MENS TLT,MEN
IA.R,PUB TLT,PUBLIC TOILET
IA.R,PAT TLT,PATIENT TOILET
IA.R,STF TLT,STAFF TOILET
IA.R,PATIENT RESTROOM,PATIENT RESTROOM
IA.R,PATIENT SHOWER,PATIENT SHOWER
IA.R,R/R,RESTROOM
IA.R,RESTROOM,RESTROOM
IA.R,RR,RESTROOM
IA.R,SHWR,SHOWER
IA.R,STAFF LOCKERS,STAFF LOCKERS
IA.R,STAFF RESTROOM,STAFF RESTROOM
IA.R,STAFF TLT,STAFF RESTROOM
IA.R,TLT,RESTROOM
IA.R,UNISEX RESTROOM,UNISEX RESTROOM
IA.R,WOMEN,WOMEN
IA.R,WOMEN LOCKERS,WOMENS LOCKERS
IA.R,WOMEN RESTROOM/SHOWER,WOMEN RESTROOM SHOWER
IA.R,WOMEN'S LOCKER,WOMENS LOCKERS
IA.R,WOMEN'S LOCKERS,WOMENS LOCKERS
IA.R,WOMEN'S TLT,WOMEN
IA.R,WOMENS LOCKERS,WOMENS LOCKERS
IA.R,WOMENS TLT,WOMEN
IA.S,STAIR,STAIR
IA.S,STAIR 1,STAIR 1
IA.S,STAIR 2,STAIR 2
IA.S,STAIR 3,STAIR 3
IA.S,STAIR 4,STAIR 4
IA.S,STAIR 5,STAIR 5
IA.S,STAIR 6,STAIR 6
IA.S,STAIR 7,STAIR 7
IA.S,STAIR 8,STAIR 8
IA.S,STAIR 9,STAIR 9
IA.S,STAIR A,STAIR A
IA.S,STAIR B,STAIR B
IA.S,STAIR C,STAIR C
IA.S,STAIR D,STAIR D
IA.S,STAIR E,STAIR E
IA.S,STAIR F,STAIR F
IA.S,STAIR G,STAIR G
IA.S,STAIR H,STAIR H
IA.S,STAIRWELL,STAIRWELL
IA.S,STAIRWELL 1,STAIRWELL 1
IA.S,STAIRWELL 10,STAIRWELL 10
IA.S,STAIRWELL 11,STAIRWELL 11
IA.S,STAIRWELL 12,STAIRWELL 12
IA.S,STAIRWELL 13,STAIRWELL 13
IA.S,STAIRWELL 14,STAIRWELL 14
IA.S,STAIRWELL 19,STAIRWELL 19
IA.S,STAIRWELL 2,STAIRWELL 2
IA.S,STAIRWELL 4,STAIRWELL 4
IA.S,STAIRWELL 5,STAIRWELL 5
IA.S,STAIRWELL 6,STAIRWELL 6
IA.S,STAIRWELL 8,STAIRWELL 8
IA.S,STAIRWELL 9,STAIRWELL 9
IA.S,STR,STAIR